country,league,matchday,rk,squad,p,w,d,l,gf,ga,g_diff,pts
Spain,Games of Matchday 1 LaLiga 21/22 ,1,1,Real Madrid,1,1,0,0,4,1,3,3
Spain,Games of Matchday 1 LaLiga 21/22 ,1,2,Sevilla FC,1,1,0,0,3,0,3,3
Spain,Games of Matchday 1 LaLiga 21/22 ,1,3,Barcelona,1,1,0,0,4,2,2,3
Spain,Games of Matchday 1 LaLiga 21/22 ,1,4,Atlético Madrid,1,1,0,0,2,1,1,3
Spain,Games of Matchday 1 LaLiga 21/22 ,1,5,Valencia,1,1,0,0,1,0,1,3
Spain,Games of Matchday 1 LaLiga 21/22 ,1,6,Real Betis,1,0,1,0,1,1,0,1
Spain,Games of Matchday 1 LaLiga 21/22 ,1,7,RCD Mallorca,1,0,1,0,1,1,0,1
Spain,Games of Matchday 1 LaLiga 21/22 ,1,8,Levante,1,0,1,0,1,1,0,1
Spain,Games of Matchday 1 LaLiga 21/22 ,1,9,Cádiz CF,1,0,1,0,1,1,0,1
Spain,Games of Matchday 1 LaLiga 21/22 ,1,10,Elche CF,1,0,1,0,0,0,0,1
Spain,Games of Matchday 1 LaLiga 21/22 ,1,11,Villarreal,1,0,1,0,0,0,0,1
Spain,Games of Matchday 1 LaLiga 21/22 ,1,12,Espanyol,1,0,1,0,0,0,0,1
Spain,Games of Matchday 1 LaLiga 21/22 ,1,13,Athletic,1,0,1,0,0,0,0,1
Spain,Games of Matchday 1 LaLiga 21/22 ,1,14,CA Osasuna,1,0,1,0,0,0,0,1
Spain,Games of Matchday 1 LaLiga 21/22 ,1,15,Granada CF,1,0,1,0,0,0,0,1
Spain,Games of Matchday 1 LaLiga 21/22 ,1,16,Celta de Vigo,1,0,0,1,1,2,-1,0
Spain,Games of Matchday 1 LaLiga 21/22 ,1,17,Getafe,1,0,0,1,0,1,-1,0
Spain,Games of Matchday 1 LaLiga 21/22 ,1,18,Real Sociedad,1,0,0,1,2,4,-2,0
Spain,Games of Matchday 1 LaLiga 21/22 ,1,19,Alavés,1,0,0,1,1,4,-3,0
Spain,Games of Matchday 1 LaLiga 21/22 ,1,20,Rayo Vallecano,1,0,0,1,0,3,-3,0
Spain,Games of Matchday 2 LaLiga 21/22 ,2,1,Sevilla FC,2,2,0,0,4,0,4,6
Spain,Games of Matchday 2 LaLiga 21/22 ,2,2,Atlético Madrid,2,2,0,0,3,1,2,6
Spain,Games of Matchday 2 LaLiga 21/22 ,2,3,Real Madrid,2,1,1,0,7,4,3,4
Spain,Games of Matchday 2 LaLiga 21/22 ,2,4,Barcelona,2,1,1,0,5,3,2,4
Spain,Games of Matchday 2 LaLiga 21/22 ,2,5,RCD Mallorca,2,1,1,0,2,1,1,4
Spain,Games of Matchday 2 LaLiga 21/22 ,2,6,Valencia,2,1,1,0,2,1,1,4
Spain,Games of Matchday 2 LaLiga 21/22 ,2,7,Real Sociedad,2,1,0,1,3,4,-1,3
Spain,Games of Matchday 2 LaLiga 21/22 ,2,8,Cádiz CF,2,0,2,0,2,2,0,2
Spain,Games of Matchday 2 LaLiga 21/22 ,2,9,Villarreal,2,0,2,0,0,0,0,2
Spain,Games of Matchday 2 LaLiga 21/22 ,2,10,Espanyol,2,0,2,0,0,0,0,2
Spain,Games of Matchday 2 LaLiga 21/22 ,2,11,Levante,2,0,2,0,4,4,0,2
Spain,Games of Matchday 2 LaLiga 21/22 ,2,12,Real Betis,2,0,2,0,2,2,0,2
Spain,Games of Matchday 2 LaLiga 21/22 ,2,13,Granada CF,2,0,2,0,1,1,0,2
Spain,Games of Matchday 2 LaLiga 21/22 ,2,14,CA Osasuna,2,0,2,0,0,0,0,2
Spain,Games of Matchday 2 LaLiga 21/22 ,2,15,Athletic,2,0,2,0,1,1,0,2
Spain,Games of Matchday 2 LaLiga 21/22 ,2,16,Celta de Vigo,2,0,1,1,1,2,-1,1
Spain,Games of Matchday 2 LaLiga 21/22 ,2,17,Elche CF,2,0,1,1,0,1,-1,1
Spain,Games of Matchday 2 LaLiga 21/22 ,2,18,Getafe,2,0,0,2,0,2,-2,0
Spain,Games of Matchday 2 LaLiga 21/22 ,2,19,Alavés,2,0,0,2,1,5,-4,0
Spain,Games of Matchday 2 LaLiga 21/22 ,2,20,Rayo Vallecano,2,0,0,2,0,4,-4,0
Spain,Games of Matchday 3 LaLiga 21/22 ,3,1,Real Madrid,3,2,1,0,8,4,4,7
Spain,Games of Matchday 3 LaLiga 21/22 ,3,2,Sevilla FC,3,2,1,0,5,1,4,7
Spain,Games of Matchday 3 LaLiga 21/22 ,3,3,Valencia,3,2,1,0,5,1,4,7
Spain,Games of Matchday 3 LaLiga 21/22 ,3,4,Barcelona,3,2,1,0,7,4,3,7
Spain,Games of Matchday 3 LaLiga 21/22 ,3,5,Atlético Madrid,3,2,1,0,5,3,2,7
Spain,Games of Matchday 3 LaLiga 21/22 ,3,6,RCD Mallorca,3,2,1,0,3,1,2,7
Spain,Games of Matchday 3 LaLiga 21/22 ,3,7,Real Sociedad,3,2,0,1,4,4,0,6
Spain,Games of Matchday 3 LaLiga 21/22 ,3,8,CA Osasuna,3,1,2,0,3,2,1,5
Spain,Games of Matchday 3 LaLiga 21/22 ,3,9,Athletic,3,1,2,0,2,1,1,5
Spain,Games of Matchday 3 LaLiga 21/22 ,3,10,Rayo Vallecano,3,1,0,2,4,4,0,3
Spain,Games of Matchday 3 LaLiga 21/22 ,3,11,Villarreal,3,0,3,0,2,2,0,3
Spain,Games of Matchday 3 LaLiga 21/22 ,3,12,Cádiz CF,3,0,2,1,4,5,-1,2
Spain,Games of Matchday 3 LaLiga 21/22 ,3,13,Levante,3,0,2,1,4,5,-1,2
Spain,Games of Matchday 3 LaLiga 21/22 ,3,14,Real Betis,3,0,2,1,2,3,-1,2
Spain,Games of Matchday 3 LaLiga 21/22 ,3,15,Elche CF,3,0,2,1,1,2,-1,2
Spain,Games of Matchday 3 LaLiga 21/22 ,3,16,Espanyol,3,0,2,1,0,1,-1,2
Spain,Games of Matchday 3 LaLiga 21/22 ,3,17,Granada CF,3,0,2,1,1,5,-4,2
Spain,Games of Matchday 3 LaLiga 21/22 ,3,18,Celta de Vigo,3,0,1,2,1,3,-2,1
Spain,Games of Matchday 3 LaLiga 21/22 ,3,19,Getafe,3,0,0,3,1,4,-3,0
Spain,Games of Matchday 3 LaLiga 21/22 ,3,20,Alavés,3,0,0,3,1,8,-7,0
Spain,Games of Matchday 4 LaLiga 21/22 ,4,1,Real Madrid,4,3,1,0,13,6,7,10
Spain,Games of Matchday 4 LaLiga 21/22 ,4,2,Valencia,4,3,1,0,9,2,7,10
Spain,Games of Matchday 4 LaLiga 21/22 ,4,3,Atlético Madrid,4,3,1,0,7,4,3,10
Spain,Games of Matchday 4 LaLiga 21/22 ,4,4,Real Sociedad,4,3,0,1,6,4,2,9
Spain,Games of Matchday 4 LaLiga 21/22 ,4,5,Barcelona,4,2,2,0,8,5,3,8
Spain,Games of Matchday 4 LaLiga 21/22 ,4,6,Sevilla FC,4,2,2,0,6,2,4,8
Spain,Games of Matchday 4 LaLiga 21/22 ,4,7,Athletic,4,2,2,0,4,1,3,8
Spain,Games of Matchday 4 LaLiga 21/22 ,4,8,RCD Mallorca,4,2,1,1,3,3,0,7
Spain,Games of Matchday 4 LaLiga 21/22 ,4,9,Villarreal,4,1,3,0,7,4,3,6
Spain,Games of Matchday 4 LaLiga 21/22 ,4,10,Real Betis,4,1,2,1,4,4,0,5
Spain,Games of Matchday 4 LaLiga 21/22 ,4,11,Elche CF,4,1,2,1,2,2,0,5
Spain,Games of Matchday 4 LaLiga 21/22 ,4,12,CA Osasuna,4,1,2,1,4,6,-2,5
Spain,Games of Matchday 4 LaLiga 21/22 ,4,13,Rayo Vallecano,4,1,1,2,5,5,0,4
Spain,Games of Matchday 4 LaLiga 21/22 ,4,14,Levante,4,0,3,1,5,6,-1,3
Spain,Games of Matchday 4 LaLiga 21/22 ,4,15,Espanyol,4,0,2,2,1,3,-2,2
Spain,Games of Matchday 4 LaLiga 21/22 ,4,16,Cádiz CF,4,0,2,2,4,7,-3,2
Spain,Games of Matchday 4 LaLiga 21/22 ,4,17,Granada CF,4,0,2,2,2,7,-5,2
Spain,Games of Matchday 4 LaLiga 21/22 ,4,18,Celta de Vigo,4,0,1,3,3,8,-5,1
Spain,Games of Matchday 4 LaLiga 21/22 ,4,19,Getafe,4,0,0,4,1,5,-4,0
Spain,Games of Matchday 4 LaLiga 21/22 ,4,20,Alavés,4,0,0,4,3,13,-10,0
Spain,Games of Matchday 5 LaLiga 21/22 ,5,1,Real Madrid,5,4,1,0,15,7,8,13
Spain,Games of Matchday 5 LaLiga 21/22 ,5,2,Atlético Madrid,5,3,2,0,7,4,3,11
Spain,Games of Matchday 5 LaLiga 21/22 ,5,3,Valencia,5,3,1,1,10,4,6,10
Spain,Games of Matchday 5 LaLiga 21/22 ,5,4,Real Sociedad,5,3,1,1,6,4,2,10
Spain,Games of Matchday 5 LaLiga 21/22 ,5,5,Barcelona,5,2,3,0,9,6,3,9
Spain,Games of Matchday 5 LaLiga 21/22 ,5,6,Sevilla FC,5,2,3,0,6,2,4,9
Spain,Games of Matchday 5 LaLiga 21/22 ,5,7,Athletic,5,2,3,0,4,1,3,9
Spain,Games of Matchday 5 LaLiga 21/22 ,5,8,CA Osasuna,5,2,2,1,6,6,0,8
Spain,Games of Matchday 5 LaLiga 21/22 ,5,9,RCD Mallorca,5,2,2,1,3,3,0,8
Spain,Games of Matchday 5 LaLiga 21/22 ,5,10,Rayo Vallecano,5,2,1,2,8,5,3,7
Spain,Games of Matchday 5 LaLiga 21/22 ,5,11,Villarreal,5,1,4,0,7,4,3,7
Spain,Games of Matchday 5 LaLiga 21/22 ,5,12,Real Betis,5,1,3,1,6,6,0,6
Spain,Games of Matchday 5 LaLiga 21/22 ,5,13,Elche CF,5,1,3,1,3,3,0,6
Spain,Games of Matchday 5 LaLiga 21/22 ,5,14,Cádiz CF,5,1,2,2,6,8,-2,5
Spain,Games of Matchday 5 LaLiga 21/22 ,5,15,Levante,5,0,4,1,6,7,-1,4
Spain,Games of Matchday 5 LaLiga 21/22 ,5,16,Espanyol,5,0,3,2,3,5,-2,3
Spain,Games of Matchday 5 LaLiga 21/22 ,5,17,Granada CF,5,0,3,2,3,8,-5,3
Spain,Games of Matchday 5 LaLiga 21/22 ,5,18,Celta de Vigo,5,0,1,4,4,10,-6,1
Spain,Games of Matchday 5 LaLiga 21/22 ,5,19,Getafe,5,0,0,5,1,8,-7,0
Spain,Games of Matchday 5 LaLiga 21/22 ,5,20,Alavés,5,0,0,5,3,15,-12,0
Spain,Games of Matchday 6 LaLiga 21/22 ,6,1,Real Madrid,6,5,1,0,21,8,13,16
Spain,Games of Matchday 6 LaLiga 21/22 ,6,2,Atlético Madrid,6,4,2,0,9,5,4,14
Spain,Games of Matchday 6 LaLiga 21/22 ,6,3,Real Sociedad,6,4,1,1,9,6,3,13
Spain,Games of Matchday 6 LaLiga 21/22 ,6,4,Sevilla FC,6,3,3,0,9,3,6,12
Spain,Games of Matchday 6 LaLiga 21/22 ,6,5,Villarreal,6,2,4,0,11,5,6,10
Spain,Games of Matchday 6 LaLiga 21/22 ,6,6,Valencia,6,3,1,2,11,7,4,10
Spain,Games of Matchday 6 LaLiga 21/22 ,6,7,Rayo Vallecano,6,3,1,2,10,6,4,10
Spain,Games of Matchday 6 LaLiga 21/22 ,6,8,Barcelona,6,2,4,0,9,6,3,10
Spain,Games of Matchday 6 LaLiga 21/22 ,6,9,Real Betis,6,2,3,1,9,7,2,9
Spain,Games of Matchday 6 LaLiga 21/22 ,6,10,Athletic,6,2,3,1,5,3,2,9
Spain,Games of Matchday 6 LaLiga 21/22 ,6,11,CA Osasuna,6,2,2,2,7,9,-2,8
Spain,Games of Matchday 6 LaLiga 21/22 ,6,12,RCD Mallorca,6,2,2,2,4,9,-5,8
Spain,Games of Matchday 6 LaLiga 21/22 ,6,13,Espanyol,6,1,3,2,4,5,-1,6
Spain,Games of Matchday 6 LaLiga 21/22 ,6,14,Cádiz CF,6,1,3,2,6,8,-2,6
Spain,Games of Matchday 6 LaLiga 21/22 ,6,15,Elche CF,6,1,3,2,4,7,-3,6
Spain,Games of Matchday 6 LaLiga 21/22 ,6,16,Celta de Vigo,6,1,1,4,6,10,-4,4
Spain,Games of Matchday 6 LaLiga 21/22 ,6,17,Levante,6,0,4,2,6,9,-3,4
Spain,Games of Matchday 6 LaLiga 21/22 ,6,18,Granada CF,6,0,3,3,5,11,-6,3
Spain,Games of Matchday 6 LaLiga 21/22 ,6,19,Getafe,6,0,0,6,2,10,-8,0
Spain,Games of Matchday 6 LaLiga 21/22 ,6,20,Alavés,6,0,0,6,3,16,-13,0
Spain,Games of Matchday 7 LaLiga 21/22 ,7,1,Real Madrid,7,5,2,0,21,8,13,17
Spain,Games of Matchday 7 LaLiga 21/22 ,7,2,Real Sociedad,7,5,1,1,10,6,4,16
Spain,Games of Matchday 7 LaLiga 21/22 ,7,3,Sevilla FC,7,4,3,0,11,3,8,15
Spain,Games of Matchday 7 LaLiga 21/22 ,7,4,Atlético Madrid,7,4,2,1,9,6,3,14
Spain,Games of Matchday 7 LaLiga 21/22 ,7,5,Rayo Vallecano,7,4,1,2,13,7,6,13
Spain,Games of Matchday 7 LaLiga 21/22 ,7,6,Barcelona,7,3,4,0,12,6,6,13
Spain,Games of Matchday 7 LaLiga 21/22 ,7,7,Real Betis,7,3,3,1,11,7,4,12
Spain,Games of Matchday 7 LaLiga 21/22 ,7,8,Valencia,7,3,2,2,12,8,4,11
Spain,Games of Matchday 7 LaLiga 21/22 ,7,9,Villarreal,7,2,5,0,11,5,6,11
Spain,Games of Matchday 7 LaLiga 21/22 ,7,10,CA Osasuna,7,3,2,2,10,11,-1,11
Spain,Games of Matchday 7 LaLiga 21/22 ,7,11,Athletic,7,2,4,1,6,4,2,10
Spain,Games of Matchday 7 LaLiga 21/22 ,7,12,RCD Mallorca,7,2,2,3,6,12,-6,8
Spain,Games of Matchday 7 LaLiga 21/22 ,7,13,Celta de Vigo,7,2,1,4,7,10,-3,7
Spain,Games of Matchday 7 LaLiga 21/22 ,7,14,Espanyol,7,1,3,3,4,7,-3,6
Spain,Games of Matchday 7 LaLiga 21/22 ,7,15,Cádiz CF,7,1,3,3,7,11,-4,6
Spain,Games of Matchday 7 LaLiga 21/22 ,7,16,Elche CF,7,1,3,3,4,8,-4,6
Spain,Games of Matchday 7 LaLiga 21/22 ,7,17,Levante,7,0,4,3,6,12,-6,4
Spain,Games of Matchday 7 LaLiga 21/22 ,7,18,Granada CF,7,0,3,4,5,12,-7,3
Spain,Games of Matchday 7 LaLiga 21/22 ,7,19,Alavés,7,1,0,6,4,16,-12,3
Spain,Games of Matchday 7 LaLiga 21/22 ,7,20,Getafe,7,0,0,7,2,12,-10,0
Spain,Games of Matchday 8 LaLiga 21/22 ,8,1,Real Madrid,8,5,2,1,22,10,12,17
Spain,Games of Matchday 8 LaLiga 21/22 ,8,2,Atlético Madrid,8,5,2,1,11,6,5,17
Spain,Games of Matchday 8 LaLiga 21/22 ,8,3,Real Sociedad,8,5,2,1,11,7,4,17
Spain,Games of Matchday 8 LaLiga 21/22 ,8,4,Sevilla FC,8,4,3,1,11,4,7,15
Spain,Games of Matchday 8 LaLiga 21/22 ,8,5,Villarreal,8,3,5,0,13,5,8,14
Spain,Games of Matchday 8 LaLiga 21/22 ,8,6,CA Osasuna,8,4,2,2,11,11,0,14
Spain,Games of Matchday 8 LaLiga 21/22 ,8,7,Rayo Vallecano,8,4,1,3,13,8,5,13
Spain,Games of Matchday 8 LaLiga 21/22 ,8,8,Barcelona,8,3,4,1,12,8,4,13
Spain,Games of Matchday 8 LaLiga 21/22 ,8,9,Athletic,8,3,4,1,7,4,3,13
Spain,Games of Matchday 8 LaLiga 21/22 ,8,10,Valencia,8,3,3,2,12,8,4,12
Spain,Games of Matchday 8 LaLiga 21/22 ,8,11,Real Betis,8,3,3,2,11,9,2,12
Spain,Games of Matchday 8 LaLiga 21/22 ,8,12,RCD Mallorca,8,3,2,3,7,12,-5,11
Spain,Games of Matchday 8 LaLiga 21/22 ,8,13,Espanyol,8,2,3,3,6,8,-2,9
Spain,Games of Matchday 8 LaLiga 21/22 ,8,14,Elche CF,8,2,3,3,5,8,-3,9
Spain,Games of Matchday 8 LaLiga 21/22 ,8,15,Cádiz CF,8,1,4,3,7,11,-4,7
Spain,Games of Matchday 8 LaLiga 21/22 ,8,16,Celta de Vigo,8,2,1,5,7,11,-4,7
Spain,Games of Matchday 8 LaLiga 21/22 ,8,17,Granada CF,8,1,3,4,6,12,-6,6
Spain,Games of Matchday 8 LaLiga 21/22 ,8,18,Levante,8,0,4,4,6,13,-7,4
Spain,Games of Matchday 8 LaLiga 21/22 ,8,19,Alavés,8,1,0,7,4,17,-13,3
Spain,Games of Matchday 8 LaLiga 21/22 ,8,20,Getafe,8,0,1,7,3,13,-10,1
Spain,Games of Matchday 9 LaLiga 21/22 ,9,1,Real Madrid,9,6,2,1,23,10,13,20
Spain,Games of Matchday 9 LaLiga 21/22 ,9,2,Real Sociedad,9,6,2,1,12,7,5,20
Spain,Games of Matchday 9 LaLiga 21/22 ,9,3,Sevilla FC,9,5,3,1,12,4,8,18
Spain,Games of Matchday 9 LaLiga 21/22 ,9,4,Atlético Madrid,9,5,2,2,12,8,4,17
Spain,Games of Matchday 9 LaLiga 21/22 ,9,5,CA Osasuna,9,5,2,2,13,12,1,17
Spain,Games of Matchday 9 LaLiga 21/22 ,9,6,Rayo Vallecano,9,5,1,3,15,9,6,16
Spain,Games of Matchday 9 LaLiga 21/22 ,9,7,Barcelona,9,4,4,1,15,9,6,16
Spain,Games of Matchday 9 LaLiga 21/22 ,9,8,Real Betis,9,4,3,2,12,9,3,15
Spain,Games of Matchday 9 LaLiga 21/22 ,9,9,Villarreal,9,3,5,1,14,7,7,14
Spain,Games of Matchday 9 LaLiga 21/22 ,9,10,Athletic,9,3,4,2,7,5,2,13
Spain,Games of Matchday 9 LaLiga 21/22 ,9,11,Valencia,9,3,3,3,13,11,2,12
Spain,Games of Matchday 9 LaLiga 21/22 ,9,12,Espanyol,9,3,3,3,8,8,0,12
Spain,Games of Matchday 9 LaLiga 21/22 ,9,13,RCD Mallorca,9,3,2,4,7,13,-6,11
Spain,Games of Matchday 9 LaLiga 21/22 ,9,14,Elche CF,9,2,3,4,6,10,-4,9
Spain,Games of Matchday 9 LaLiga 21/22 ,9,15,Granada CF,9,2,3,4,8,13,-5,9
Spain,Games of Matchday 9 LaLiga 21/22 ,9,16,Cádiz CF,9,1,4,4,7,13,-6,7
Spain,Games of Matchday 9 LaLiga 21/22 ,9,17,Celta de Vigo,9,2,1,6,7,12,-5,7
Spain,Games of Matchday 9 LaLiga 21/22 ,9,18,Levante,9,0,5,4,6,13,-7,5
Spain,Games of Matchday 9 LaLiga 21/22 ,9,19,Alavés,9,1,0,8,4,18,-14,3
Spain,Games of Matchday 9 LaLiga 21/22 ,9,20,Getafe,9,0,2,7,3,13,-10,2
Spain,Games of Matchday 10 LaLiga 21/22 ,10,1,Real Madrid,10,7,2,1,25,11,14,23
Spain,Games of Matchday 10 LaLiga 21/22 ,10,2,Sevilla FC,10,6,3,1,17,7,10,21
Spain,Games of Matchday 10 LaLiga 21/22 ,10,3,Real Sociedad,10,6,3,1,14,9,5,21
Spain,Games of Matchday 10 LaLiga 21/22 ,10,4,Real Betis,10,5,3,2,15,11,4,18
Spain,Games of Matchday 10 LaLiga 21/22 ,10,5,Atlético Madrid,10,5,3,2,14,10,4,18
Spain,Games of Matchday 10 LaLiga 21/22 ,10,6,CA Osasuna,10,5,3,2,14,13,1,18
Spain,Games of Matchday 10 LaLiga 21/22 ,10,7,Rayo Vallecano,10,5,1,4,17,12,5,16
Spain,Games of Matchday 10 LaLiga 21/22 ,10,8,Barcelona,10,4,4,2,16,11,5,16
Spain,Games of Matchday 10 LaLiga 21/22 ,10,9,Athletic,10,4,4,2,9,6,3,16
Spain,Games of Matchday 10 LaLiga 21/22 ,10,10,Villarreal,10,3,5,2,15,9,6,14
Spain,Games of Matchday 10 LaLiga 21/22 ,10,11,Valencia,10,3,4,3,15,13,2,13
Spain,Games of Matchday 10 LaLiga 21/22 ,10,12,Espanyol,10,3,4,3,10,10,0,13
Spain,Games of Matchday 10 LaLiga 21/22 ,10,13,RCD Mallorca,10,3,3,4,9,15,-6,12
Spain,Games of Matchday 10 LaLiga 21/22 ,10,14,Celta de Vigo,10,3,1,6,10,12,-2,10
Spain,Games of Matchday 10 LaLiga 21/22 ,10,15,Elche CF,10,2,4,4,8,12,-4,10
Spain,Games of Matchday 10 LaLiga 21/22 ,10,16,Granada CF,10,2,4,4,9,14,-5,10
Spain,Games of Matchday 10 LaLiga 21/22 ,10,17,Cádiz CF,10,1,4,5,7,15,-8,7
Spain,Games of Matchday 10 LaLiga 21/22 ,10,18,Alavés,10,2,0,8,6,18,-12,6
Spain,Games of Matchday 10 LaLiga 21/22 ,10,19,Levante,10,0,5,5,9,18,-9,5
Spain,Games of Matchday 10 LaLiga 21/22 ,10,20,Getafe,10,0,2,8,3,16,-13,2
Spain,Games of Matchday 11 LaLiga 21/22 ,11,1,Real Madrid,11,7,3,1,25,11,14,24
Spain,Games of Matchday 11 LaLiga 21/22 ,11,2,Real Sociedad,11,7,3,1,16,9,7,24
Spain,Games of Matchday 11 LaLiga 21/22 ,11,3,Sevilla FC,11,6,4,1,18,8,10,22
Spain,Games of Matchday 11 LaLiga 21/22 ,11,4,Real Betis,11,6,3,2,19,12,7,21
Spain,Games of Matchday 11 LaLiga 21/22 ,11,5,CA Osasuna,11,5,4,2,14,13,1,19
Spain,Games of Matchday 11 LaLiga 21/22 ,11,6,Rayo Vallecano,11,6,1,4,18,12,6,19
Spain,Games of Matchday 11 LaLiga 21/22 ,11,7,Atlético Madrid,11,5,4,2,16,12,4,19
Spain,Games of Matchday 11 LaLiga 21/22 ,11,8,Athletic,11,4,5,2,10,7,3,17
Spain,Games of Matchday 11 LaLiga 21/22 ,11,9,Barcelona,11,4,4,3,16,12,4,16
Spain,Games of Matchday 11 LaLiga 21/22 ,11,10,Villarreal,11,3,6,2,18,12,6,15
Spain,Games of Matchday 11 LaLiga 21/22 ,11,11,Espanyol,11,3,5,3,11,11,0,14
Spain,Games of Matchday 11 LaLiga 21/22 ,11,12,Valencia,11,3,4,4,16,17,-1,13
Spain,Games of Matchday 11 LaLiga 21/22 ,11,13,RCD Mallorca,11,3,4,4,10,16,-6,13
Spain,Games of Matchday 11 LaLiga 21/22 ,11,14,Granada CF,11,2,5,4,10,15,-5,11
Spain,Games of Matchday 11 LaLiga 21/22 ,11,15,Elche CF,11,2,4,5,8,13,-5,10
Spain,Games of Matchday 11 LaLiga 21/22 ,11,16,Celta de Vigo,11,3,1,7,10,14,-4,10
Spain,Games of Matchday 11 LaLiga 21/22 ,11,17,Alavés,11,3,0,8,7,18,-11,9
Spain,Games of Matchday 11 LaLiga 21/22 ,11,18,Cádiz CF,11,1,5,5,10,18,-8,8
Spain,Games of Matchday 11 LaLiga 21/22 ,11,19,Levante,11,0,6,5,11,20,-9,6
Spain,Games of Matchday 11 LaLiga 21/22 ,11,20,Getafe,11,0,3,8,4,17,-13,3
Spain,Games of Matchday 12 LaLiga 21/22 ,12,1,Real Madrid,12,8,3,1,27,12,15,27
Spain,Games of Matchday 12 LaLiga 21/22 ,12,2,Sevilla FC,12,7,4,1,20,8,12,25
Spain,Games of Matchday 12 LaLiga 21/22 ,12,3,Real Sociedad,12,7,4,1,17,10,7,25
Spain,Games of Matchday 12 LaLiga 21/22 ,12,4,Atlético Madrid,12,6,4,2,19,12,7,22
Spain,Games of Matchday 12 LaLiga 21/22 ,12,5,Real Betis,12,6,3,3,19,15,4,21
Spain,Games of Matchday 12 LaLiga 21/22 ,12,6,Rayo Vallecano,12,6,2,4,18,12,6,20
Spain,Games of Matchday 12 LaLiga 21/22 ,12,7,CA Osasuna,12,5,4,3,14,15,-1,19
Spain,Games of Matchday 12 LaLiga 21/22 ,12,8,Athletic,12,4,6,2,11,8,3,18
Spain,Games of Matchday 12 LaLiga 21/22 ,12,9,Barcelona,12,4,5,3,17,13,4,17
Spain,Games of Matchday 12 LaLiga 21/22 ,12,10,Valencia,12,4,4,4,18,17,1,16
Spain,Games of Matchday 12 LaLiga 21/22 ,12,11,Villarreal,12,3,6,3,18,14,4,15
Spain,Games of Matchday 12 LaLiga 21/22 ,12,12,RCD Mallorca,12,3,5,4,11,17,-6,14
Spain,Games of Matchday 12 LaLiga 21/22 ,12,13,Espanyol,12,3,5,4,12,13,-1,14
Spain,Games of Matchday 12 LaLiga 21/22 ,12,14,Granada CF,12,3,5,4,13,15,-2,14
Spain,Games of Matchday 12 LaLiga 21/22 ,12,15,Celta de Vigo,12,3,2,7,10,14,-4,11
Spain,Games of Matchday 12 LaLiga 21/22 ,12,16,Alavés,12,3,1,8,8,19,-11,10
Spain,Games of Matchday 12 LaLiga 21/22 ,12,17,Elche CF,12,2,4,6,9,15,-6,10
Spain,Games of Matchday 12 LaLiga 21/22 ,12,18,Cádiz CF,12,1,6,5,11,19,-8,9
Spain,Games of Matchday 12 LaLiga 21/22 ,12,19,Levante,12,0,6,6,11,23,-12,6
Spain,Games of Matchday 12 LaLiga 21/22 ,12,20,Getafe,12,1,3,8,6,18,-12,6
Spain,Games of Matchday 13 LaLiga 21/22 ,13,1,Real Madrid,13,9,3,1,29,13,16,30
Spain,Games of Matchday 13 LaLiga 21/22 ,13,2,Sevilla FC,13,8,4,1,22,8,14,28
Spain,Games of Matchday 13 LaLiga 21/22 ,13,3,Real Sociedad,13,8,4,1,19,10,9,28
Spain,Games of Matchday 13 LaLiga 21/22 ,13,4,Atlético Madrid,13,6,5,2,22,15,7,23
Spain,Games of Matchday 13 LaLiga 21/22 ,13,5,Real Betis,13,6,3,4,19,17,2,21
Spain,Games of Matchday 13 LaLiga 21/22 ,13,6,Rayo Vallecano,13,6,2,5,19,14,5,20
Spain,Games of Matchday 13 LaLiga 21/22 ,13,7,CA Osasuna,13,5,4,4,14,17,-3,19
Spain,Games of Matchday 13 LaLiga 21/22 ,13,8,Athletic,13,4,6,3,11,9,2,18
Spain,Games of Matchday 13 LaLiga 21/22 ,13,9,Barcelona,13,4,6,3,20,16,4,18
Spain,Games of Matchday 13 LaLiga 21/22 ,13,10,Villarreal,13,4,6,3,19,14,5,18
Spain,Games of Matchday 13 LaLiga 21/22 ,13,11,Valencia,13,4,5,4,21,20,1,17
Spain,Games of Matchday 13 LaLiga 21/22 ,13,12,Espanyol,13,4,5,4,14,13,1,17
Spain,Games of Matchday 13 LaLiga 21/22 ,13,13,RCD Mallorca,13,3,6,4,13,19,-6,15
Spain,Games of Matchday 13 LaLiga 21/22 ,13,14,Granada CF,13,3,5,5,13,17,-4,14
Spain,Games of Matchday 13 LaLiga 21/22 ,13,15,Alavés,13,4,1,8,10,20,-10,13
Spain,Games of Matchday 13 LaLiga 21/22 ,13,16,Cádiz CF,13,2,6,5,12,19,-7,12
Spain,Games of Matchday 13 LaLiga 21/22 ,13,17,Celta de Vigo,13,3,3,7,13,17,-4,12
Spain,Games of Matchday 13 LaLiga 21/22 ,13,18,Elche CF,13,2,5,6,11,17,-6,11
Spain,Games of Matchday 13 LaLiga 21/22 ,13,19,Levante,13,0,6,7,12,25,-13,6
Spain,Games of Matchday 13 LaLiga 21/22 ,13,20,Getafe,13,1,3,9,6,19,-13,6
Spain,Games of Matchday 14 LaLiga 21/22 ,14,1,Real Madrid,14,10,3,1,33,14,19,33
Spain,Games of Matchday 14 LaLiga 21/22 ,14,2,Sevilla FC,14,8,5,1,24,10,14,29
Spain,Games of Matchday 14 LaLiga 21/22 ,14,3,Real Sociedad,14,8,5,1,19,10,9,29
Spain,Games of Matchday 14 LaLiga 21/22 ,14,4,Atlético Madrid,14,7,5,2,23,15,8,26
Spain,Games of Matchday 14 LaLiga 21/22 ,14,5,Real Betis,14,7,3,4,22,17,5,24
Spain,Games of Matchday 14 LaLiga 21/22 ,14,6,Rayo Vallecano,14,7,2,5,22,15,7,23
Spain,Games of Matchday 14 LaLiga 21/22 ,14,7,Barcelona,14,5,6,3,21,16,5,21
Spain,Games of Matchday 14 LaLiga 21/22 ,14,8,Athletic,14,4,7,3,11,9,2,19
Spain,Games of Matchday 14 LaLiga 21/22 ,14,9,CA Osasuna,14,5,4,5,14,18,-4,19
Spain,Games of Matchday 14 LaLiga 21/22 ,14,10,Villarreal,14,4,7,3,20,15,5,19
Spain,Games of Matchday 14 LaLiga 21/22 ,14,11,Valencia,14,4,6,4,21,20,1,18
Spain,Games of Matchday 14 LaLiga 21/22 ,14,12,Espanyol,14,4,5,5,14,14,0,17
Spain,Games of Matchday 14 LaLiga 21/22 ,14,13,RCD Mallorca,14,3,6,5,14,22,-8,15
Spain,Games of Matchday 14 LaLiga 21/22 ,14,14,Granada CF,14,3,5,6,14,21,-7,14
Spain,Games of Matchday 14 LaLiga 21/22 ,14,15,Alavés,14,4,2,8,12,22,-10,14
Spain,Games of Matchday 14 LaLiga 21/22 ,14,16,Celta de Vigo,14,3,4,7,14,18,-4,13
Spain,Games of Matchday 14 LaLiga 21/22 ,14,17,Cádiz CF,14,2,6,6,12,23,-11,12
Spain,Games of Matchday 14 LaLiga 21/22 ,14,18,Elche CF,14,2,5,7,11,20,-9,11
Spain,Games of Matchday 14 LaLiga 21/22 ,14,19,Getafe,14,2,3,9,10,19,-9,9
Spain,Games of Matchday 14 LaLiga 21/22 ,14,20,Levante,14,0,7,7,12,25,-13,7
Spain,Games of Matchday 15 LaLiga 21/22 ,15,1,Real Madrid,15,11,3,1,35,15,20,36
Spain,Games of Matchday 15 LaLiga 21/22 ,15,2,Real Sociedad,15,8,5,2,19,11,8,29
Spain,Games of Matchday 15 LaLiga 21/22 ,15,3,Sevilla FC,15,8,5,2,25,12,13,29
Spain,Games of Matchday 15 LaLiga 21/22 ,15,4,Atlético Madrid,15,8,5,2,27,16,11,29
Spain,Games of Matchday 15 LaLiga 21/22 ,15,5,Real Betis,15,8,3,4,25,18,7,27
Spain,Games of Matchday 15 LaLiga 21/22 ,15,6,Rayo Vallecano,15,7,3,5,23,16,7,24
Spain,Games of Matchday 15 LaLiga 21/22 ,15,7,Barcelona,15,6,6,3,24,17,7,24
Spain,Games of Matchday 15 LaLiga 21/22 ,15,8,Espanyol,15,5,5,5,15,14,1,20
Spain,Games of Matchday 15 LaLiga 21/22 ,15,9,Athletic,15,4,8,3,13,11,2,20
Spain,Games of Matchday 15 LaLiga 21/22 ,15,10,CA Osasuna,15,5,5,5,15,19,-4,20
Spain,Games of Matchday 15 LaLiga 21/22 ,15,11,Valencia,15,4,7,4,22,21,1,19
Spain,Games of Matchday 15 LaLiga 21/22 ,15,12,Villarreal,15,4,7,4,21,18,3,19
Spain,Games of Matchday 15 LaLiga 21/22 ,15,13,Celta de Vigo,15,4,4,7,16,19,-3,16
Spain,Games of Matchday 15 LaLiga 21/22 ,15,14,RCD Mallorca,15,3,7,5,14,22,-8,16
Spain,Games of Matchday 15 LaLiga 21/22 ,15,15,Granada CF,15,3,6,6,16,23,-7,15
Spain,Games of Matchday 15 LaLiga 21/22 ,15,16,Alavés,15,4,2,9,13,24,-11,14
Spain,Games of Matchday 15 LaLiga 21/22 ,15,17,Elche CF,15,2,6,7,12,21,-9,12
Spain,Games of Matchday 15 LaLiga 21/22 ,15,18,Cádiz CF,15,2,6,7,13,27,-14,12
Spain,Games of Matchday 15 LaLiga 21/22 ,15,19,Getafe,15,2,4,9,10,19,-9,10
Spain,Games of Matchday 15 LaLiga 21/22 ,15,20,Levante,15,0,7,8,13,28,-15,7
Spain,Games of Matchday 16 LaLiga 21/22 ,16,1,Real Madrid,16,12,3,1,37,15,22,39
Spain,Games of Matchday 16 LaLiga 21/22 ,16,2,Sevilla FC,16,9,5,2,26,12,14,32
Spain,Games of Matchday 16 LaLiga 21/22 ,16,3,Real Betis,16,9,3,4,26,18,8,30
Spain,Games of Matchday 16 LaLiga 21/22 ,16,4,Atlético Madrid,16,8,5,3,28,18,10,29
Spain,Games of Matchday 16 LaLiga 21/22 ,16,5,Real Sociedad,16,8,5,3,19,13,6,29
Spain,Games of Matchday 16 LaLiga 21/22 ,16,6,Rayo Vallecano,16,8,3,5,24,16,8,27
Spain,Games of Matchday 16 LaLiga 21/22 ,16,7,Barcelona,16,6,6,4,24,18,6,24
Spain,Games of Matchday 16 LaLiga 21/22 ,16,8,Valencia,16,5,7,4,24,22,2,22
Spain,Games of Matchday 16 LaLiga 21/22 ,16,9,Athletic,16,4,9,3,13,11,2,21
Spain,Games of Matchday 16 LaLiga 21/22 ,16,10,CA Osasuna,16,5,6,5,15,19,-4,21
Spain,Games of Matchday 16 LaLiga 21/22 ,16,11,Espanyol,16,5,5,6,15,15,0,20
Spain,Games of Matchday 16 LaLiga 21/22 ,16,12,Villarreal,16,4,7,5,21,19,2,19
Spain,Games of Matchday 16 LaLiga 21/22 ,16,13,RCD Mallorca,16,4,7,5,16,23,-7,19
Spain,Games of Matchday 16 LaLiga 21/22 ,16,14,Granada CF,16,4,6,6,18,24,-6,18
Spain,Games of Matchday 16 LaLiga 21/22 ,16,15,Celta de Vigo,16,4,4,8,17,21,-4,16
Spain,Games of Matchday 16 LaLiga 21/22 ,16,16,Elche CF,16,3,6,7,15,22,-7,15
Spain,Games of Matchday 16 LaLiga 21/22 ,16,17,Alavés,16,4,2,10,14,26,-12,14
Spain,Games of Matchday 16 LaLiga 21/22 ,16,18,Cádiz CF,16,2,6,8,14,30,-16,12
Spain,Games of Matchday 16 LaLiga 21/22 ,16,19,Getafe,16,2,5,9,10,19,-9,11
Spain,Games of Matchday 16 LaLiga 21/22 ,16,20,Levante,16,0,8,8,13,28,-15,8
Spain,Games of Matchday 17 LaLiga 21/22 ,17,1,Real Madrid,17,13,3,1,39,15,24,42
Spain,Games of Matchday 17 LaLiga 21/22 ,17,2,Sevilla FC,17,10,5,2,27,12,15,35
Spain,Games of Matchday 17 LaLiga 21/22 ,17,3,Real Betis,17,10,3,4,30,18,12,33
Spain,Games of Matchday 17 LaLiga 21/22 ,17,4,Atlético Madrid,17,8,5,4,28,20,8,29
Spain,Games of Matchday 17 LaLiga 21/22 ,17,5,Real Sociedad,17,8,5,4,19,17,2,29
Spain,Games of Matchday 17 LaLiga 21/22 ,17,6,Rayo Vallecano,17,8,3,6,24,18,6,27
Spain,Games of Matchday 17 LaLiga 21/22 ,17,7,Barcelona,17,6,7,4,26,20,6,25
Spain,Games of Matchday 17 LaLiga 21/22 ,17,8,Valencia,17,6,7,4,26,23,3,25
Spain,Games of Matchday 17 LaLiga 21/22 ,17,9,Espanyol,17,6,5,6,19,18,1,23
Spain,Games of Matchday 17 LaLiga 21/22 ,17,10,CA Osasuna,17,5,7,5,17,21,-4,22
Spain,Games of Matchday 17 LaLiga 21/22 ,17,11,Villarreal,17,5,7,5,23,19,4,22
Spain,Games of Matchday 17 LaLiga 21/22 ,17,12,Athletic,17,4,9,4,13,12,1,21
Spain,Games of Matchday 17 LaLiga 21/22 ,17,13,RCD Mallorca,17,4,8,5,16,23,-7,20
Spain,Games of Matchday 17 LaLiga 21/22 ,17,14,Granada CF,17,4,7,6,19,25,-6,19
Spain,Games of Matchday 17 LaLiga 21/22 ,17,15,Celta de Vigo,17,4,5,8,17,21,-4,17
Spain,Games of Matchday 17 LaLiga 21/22 ,17,16,Alavés,17,4,3,10,15,27,-12,15
Spain,Games of Matchday 17 LaLiga 21/22 ,17,17,Elche CF,17,3,6,8,16,24,-8,15
Spain,Games of Matchday 17 LaLiga 21/22 ,17,18,Cádiz CF,17,2,7,8,15,31,-16,13
Spain,Games of Matchday 17 LaLiga 21/22 ,17,19,Getafe,17,2,6,9,11,20,-9,12
Spain,Games of Matchday 17 LaLiga 21/22 ,17,20,Levante,17,0,8,9,16,32,-16,8
Spain,Games of Matchday 18 LaLiga 21/22 ,18,1,Real Madrid,18,13,4,1,39,15,24,43
Spain,Games of Matchday 18 LaLiga 21/22 ,18,2,Sevilla FC,18,11,5,2,29,13,16,38
Spain,Games of Matchday 18 LaLiga 21/22 ,18,3,Real Betis,18,10,3,5,32,21,11,33
Spain,Games of Matchday 18 LaLiga 21/22 ,18,4,Rayo Vallecano,18,9,3,6,26,18,8,30
Spain,Games of Matchday 18 LaLiga 21/22 ,18,5,Atlético Madrid,18,8,5,5,29,22,7,29
Spain,Games of Matchday 18 LaLiga 21/22 ,18,6,Real Sociedad,18,8,5,5,20,20,0,29
Spain,Games of Matchday 18 LaLiga 21/22 ,18,7,Barcelona,18,7,7,4,29,22,7,28
Spain,Games of Matchday 18 LaLiga 21/22 ,18,8,Valencia,18,7,7,4,30,26,4,28
Spain,Games of Matchday 18 LaLiga 21/22 ,18,9,Villarreal,18,6,7,5,26,20,6,25
Spain,Games of Matchday 18 LaLiga 21/22 ,18,10,Athletic,18,5,9,4,16,14,2,24
Spain,Games of Matchday 18 LaLiga 21/22 ,18,11,Espanyol,18,6,5,7,20,21,-1,23
Spain,Games of Matchday 18 LaLiga 21/22 ,18,12,Granada CF,18,5,7,6,23,26,-3,22
Spain,Games of Matchday 18 LaLiga 21/22 ,18,13,CA Osasuna,18,5,7,6,17,22,-5,22
Spain,Games of Matchday 18 LaLiga 21/22 ,18,14,Celta de Vigo,18,5,5,8,20,22,-2,20
Spain,Games of Matchday 18 LaLiga 21/22 ,18,15,RCD Mallorca,18,4,8,6,17,27,-10,20
Spain,Games of Matchday 18 LaLiga 21/22 ,18,16,Alavés,18,4,3,11,15,29,-14,15
Spain,Games of Matchday 18 LaLiga 21/22 ,18,17,Elche CF,18,3,6,9,18,27,-9,15
Spain,Games of Matchday 18 LaLiga 21/22 ,18,18,Getafe,18,3,6,9,12,20,-8,15
Spain,Games of Matchday 18 LaLiga 21/22 ,18,19,Cádiz CF,18,2,8,8,15,31,-16,14
Spain,Games of Matchday 18 LaLiga 21/22 ,18,20,Levante,18,0,8,10,19,36,-17,8
Spain,Games of Matchday 19 LaLiga 21/22 ,19,1,Real Madrid,19,13,4,2,39,16,23,43
Spain,Games of Matchday 19 LaLiga 21/22 ,19,2,Sevilla FC,19,12,5,2,30,13,17,41
Spain,Games of Matchday 19 LaLiga 21/22 ,19,3,Real Betis,19,10,3,6,32,23,9,33
Spain,Games of Matchday 19 LaLiga 21/22 ,19,4,Atlético Madrid,19,9,5,5,31,22,9,32
Spain,Games of Matchday 19 LaLiga 21/22 ,19,5,Barcelona,19,8,7,4,30,22,8,31
Spain,Games of Matchday 19 LaLiga 21/22 ,19,6,Real Sociedad,19,8,6,5,21,21,0,30
Spain,Games of Matchday 19 LaLiga 21/22 ,19,7,Rayo Vallecano,19,9,3,7,26,20,6,30
Spain,Games of Matchday 19 LaLiga 21/22 ,19,8,Valencia,19,7,7,5,31,28,3,28
Spain,Games of Matchday 19 LaLiga 21/22 ,19,9,Villarreal,19,7,7,5,31,20,11,28
Spain,Games of Matchday 19 LaLiga 21/22 ,19,10,Athletic,19,6,9,4,19,15,4,27
Spain,Games of Matchday 19 LaLiga 21/22 ,19,11,Espanyol,19,7,5,7,22,22,0,26
Spain,Games of Matchday 19 LaLiga 21/22 ,19,12,Celta de Vigo,19,6,5,8,22,22,0,23
Spain,Games of Matchday 19 LaLiga 21/22 ,19,13,Granada CF,19,5,8,6,23,26,-3,23
Spain,Games of Matchday 19 LaLiga 21/22 ,19,14,CA Osasuna,19,5,7,7,18,25,-7,22
Spain,Games of Matchday 19 LaLiga 21/22 ,19,15,RCD Mallorca,19,4,8,7,17,28,-11,20
Spain,Games of Matchday 19 LaLiga 21/22 ,19,16,Getafe,19,4,6,9,13,20,-7,18
Spain,Games of Matchday 19 LaLiga 21/22 ,19,17,Alavés,19,4,4,11,16,30,-14,16
Spain,Games of Matchday 19 LaLiga 21/22 ,19,18,Elche CF,19,3,7,9,18,27,-9,16
Spain,Games of Matchday 19 LaLiga 21/22 ,19,19,Cádiz CF,19,2,8,9,15,32,-17,14
Spain,Games of Matchday 19 LaLiga 21/22 ,19,20,Levante,19,0,8,11,19,41,-22,8
Spain,Games of Matchday 20 LaLiga 21/22 ,20,1,Real Madrid,20,14,4,2,43,17,26,46
Spain,Games of Matchday 20 LaLiga 21/22 ,20,2,Sevilla FC,20,13,5,2,31,13,18,44
Spain,Games of Matchday 20 LaLiga 21/22 ,20,3,Real Betis,20,10,4,6,33,24,9,34
Spain,Games of Matchday 20 LaLiga 21/22 ,20,4,Atlético Madrid,20,9,6,5,33,24,9,33
Spain,Games of Matchday 20 LaLiga 21/22 ,20,5,Real Sociedad,20,9,6,5,22,21,1,33
Spain,Games of Matchday 20 LaLiga 21/22 ,20,6,Barcelona,20,8,8,4,31,23,8,32
Spain,Games of Matchday 20 LaLiga 21/22 ,20,7,Rayo Vallecano,20,9,4,7,27,21,6,31
Spain,Games of Matchday 20 LaLiga 21/22 ,20,8,Villarreal,20,7,8,5,33,22,11,29
Spain,Games of Matchday 20 LaLiga 21/22 ,20,9,Athletic,20,6,10,4,19,15,4,28
Spain,Games of Matchday 20 LaLiga 21/22 ,20,10,Valencia,20,7,7,6,32,32,0,28
Spain,Games of Matchday 20 LaLiga 21/22 ,20,11,Espanyol,20,7,5,8,23,24,-1,26
Spain,Games of Matchday 20 LaLiga 21/22 ,20,12,CA Osasuna,20,6,7,7,20,25,-5,25
Spain,Games of Matchday 20 LaLiga 21/22 ,20,13,Granada CF,20,5,9,6,24,27,-3,24
Spain,Games of Matchday 20 LaLiga 21/22 ,20,14,Celta de Vigo,20,6,5,9,22,23,-1,23
Spain,Games of Matchday 20 LaLiga 21/22 ,20,15,RCD Mallorca,20,4,8,8,17,30,-13,20
Spain,Games of Matchday 20 LaLiga 21/22 ,20,16,Elche CF,20,4,7,9,20,28,-8,19
Spain,Games of Matchday 20 LaLiga 21/22 ,20,17,Getafe,20,4,6,10,13,21,-8,18
Spain,Games of Matchday 20 LaLiga 21/22 ,20,18,Alavés,20,4,5,11,16,30,-14,17
Spain,Games of Matchday 20 LaLiga 21/22 ,20,19,Cádiz CF,20,2,8,10,15,34,-19,14
Spain,Games of Matchday 20 LaLiga 21/22 ,20,20,Levante,20,1,8,11,21,41,-20,11
Spain,Games of Matchday 21 LaLiga 21/22 ,21,1,Real Madrid,21,15,4,2,45,18,27,49
Spain,Games of Matchday 21 LaLiga 21/22 ,21,2,Sevilla FC,21,13,6,2,32,14,18,45
Spain,Games of Matchday 21 LaLiga 21/22 ,21,3,Real Betis,21,11,4,6,37,24,13,37
Spain,Games of Matchday 21 LaLiga 21/22 ,21,4,Real Sociedad,21,10,6,5,24,21,3,36
Spain,Games of Matchday 21 LaLiga 21/22 ,21,5,Rayo Vallecano,21,10,4,7,28,21,7,34
Spain,Games of Matchday 21 LaLiga 21/22 ,21,6,Atlético Madrid,21,9,6,6,33,25,8,33
Spain,Games of Matchday 21 LaLiga 21/22 ,21,7,Barcelona,21,8,8,5,31,24,7,32
Spain,Games of Matchday 21 LaLiga 21/22 ,21,8,Valencia,21,7,8,6,33,33,0,29
Spain,Games of Matchday 21 LaLiga 21/22 ,21,9,Villarreal,21,7,8,6,33,23,10,29
Spain,Games of Matchday 21 LaLiga 21/22 ,21,10,Athletic,21,6,10,5,20,17,3,28
Spain,Games of Matchday 21 LaLiga 21/22 ,21,11,Espanyol,21,7,6,8,25,26,-1,27
Spain,Games of Matchday 21 LaLiga 21/22 ,21,12,Celta de Vigo,21,7,5,9,24,23,1,26
Spain,Games of Matchday 21 LaLiga 21/22 ,21,13,CA Osasuna,21,6,7,8,20,27,-7,25
Spain,Games of Matchday 21 LaLiga 21/22 ,21,14,Granada CF,21,5,9,7,26,31,-5,24
Spain,Games of Matchday 21 LaLiga 21/22 ,21,15,Elche CF,21,5,7,9,21,28,-7,22
Spain,Games of Matchday 21 LaLiga 21/22 ,21,16,Getafe,21,5,6,10,17,23,-6,21
Spain,Games of Matchday 21 LaLiga 21/22 ,21,17,RCD Mallorca,21,4,8,9,17,32,-15,20
Spain,Games of Matchday 21 LaLiga 21/22 ,21,18,Alavés,21,4,5,12,16,34,-18,17
Spain,Games of Matchday 21 LaLiga 21/22 ,21,19,Cádiz CF,21,2,9,10,17,36,-19,15
Spain,Games of Matchday 21 LaLiga 21/22 ,21,20,Levante,21,2,8,11,22,41,-19,14
Spain,Games of Matchday 22 LaLiga 21/22 ,22,1,Real Madrid,22,15,5,2,47,20,27,50
Spain,Games of Matchday 22 LaLiga 21/22 ,22,2,Sevilla FC,22,13,7,2,34,16,18,46
Spain,Games of Matchday 22 LaLiga 21/22 ,22,3,Real Betis,22,12,4,6,41,25,16,40
Spain,Games of Matchday 22 LaLiga 21/22 ,22,4,Real Sociedad,22,10,7,5,24,21,3,37
Spain,Games of Matchday 22 LaLiga 21/22 ,22,5,Atlético Madrid,22,10,6,6,36,27,9,36
Spain,Games of Matchday 22 LaLiga 21/22 ,22,6,Barcelona,22,9,8,5,32,24,8,35
Spain,Games of Matchday 22 LaLiga 21/22 ,22,7,Rayo Vallecano,22,10,4,8,28,22,6,34
Spain,Games of Matchday 22 LaLiga 21/22 ,22,8,Villarreal,22,8,8,6,36,23,13,32
Spain,Games of Matchday 22 LaLiga 21/22 ,22,9,Athletic,22,7,10,5,21,17,4,31
Spain,Games of Matchday 22 LaLiga 21/22 ,22,10,Valencia,22,7,8,7,35,36,-1,29
Spain,Games of Matchday 22 LaLiga 21/22 ,22,11,CA Osasuna,22,7,7,8,22,27,-5,28
Spain,Games of Matchday 22 LaLiga 21/22 ,22,12,Celta de Vigo,22,7,6,9,26,25,1,27
Spain,Games of Matchday 22 LaLiga 21/22 ,22,13,Espanyol,22,7,6,9,26,30,-4,27
Spain,Games of Matchday 22 LaLiga 21/22 ,22,14,Granada CF,22,5,9,8,26,33,-7,24
Spain,Games of Matchday 22 LaLiga 21/22 ,22,15,Elche CF,22,5,8,9,23,30,-7,23
Spain,Games of Matchday 22 LaLiga 21/22 ,22,16,Getafe,22,5,7,10,17,23,-6,22
Spain,Games of Matchday 22 LaLiga 21/22 ,22,17,RCD Mallorca,22,4,8,10,17,35,-18,20
Spain,Games of Matchday 22 LaLiga 21/22 ,22,18,Cádiz CF,22,3,9,10,19,36,-17,18
Spain,Games of Matchday 22 LaLiga 21/22 ,22,19,Alavés,22,4,5,13,16,35,-19,17
Spain,Games of Matchday 22 LaLiga 21/22 ,22,20,Levante,22,2,8,12,22,43,-21,14
Spain,Games of Matchday 23 LaLiga 21/22 ,23,1,Real Madrid,23,16,5,2,48,20,28,53
Spain,Games of Matchday 23 LaLiga 21/22 ,23,2,Sevilla FC,23,13,8,2,34,16,18,47
Spain,Games of Matchday 23 LaLiga 21/22 ,23,3,Real Betis,23,12,4,7,41,27,14,40
Spain,Games of Matchday 23 LaLiga 21/22 ,23,4,Barcelona,23,10,8,5,36,26,10,38
Spain,Games of Matchday 23 LaLiga 21/22 ,23,5,Real Sociedad,23,10,8,5,24,21,3,38
Spain,Games of Matchday 23 LaLiga 21/22 ,23,6,Atlético Madrid,23,10,6,7,38,31,7,36
Spain,Games of Matchday 23 LaLiga 21/22 ,23,7,Villarreal,23,9,8,6,38,23,15,35
Spain,Games of Matchday 23 LaLiga 21/22 ,23,8,Athletic,23,8,10,5,23,18,5,34
Spain,Games of Matchday 23 LaLiga 21/22 ,23,9,Rayo Vallecano,23,10,4,9,28,24,4,34
Spain,Games of Matchday 23 LaLiga 21/22 ,23,10,Valencia,23,7,9,7,35,36,-1,30
Spain,Games of Matchday 23 LaLiga 21/22 ,23,11,Celta de Vigo,23,8,6,9,28,25,3,30
Spain,Games of Matchday 23 LaLiga 21/22 ,23,12,CA Osasuna,23,7,8,8,22,27,-5,29
Spain,Games of Matchday 23 LaLiga 21/22 ,23,13,Espanyol,23,7,6,10,27,32,-5,27
Spain,Games of Matchday 23 LaLiga 21/22 ,23,14,Elche CF,23,6,8,9,26,31,-5,26
Spain,Games of Matchday 23 LaLiga 21/22 ,23,15,Getafe,23,6,7,10,20,23,-3,25
Spain,Games of Matchday 23 LaLiga 21/22 ,23,16,Granada CF,23,5,9,9,26,34,-8,24
Spain,Games of Matchday 23 LaLiga 21/22 ,23,17,RCD Mallorca,23,5,8,10,19,36,-17,23
Spain,Games of Matchday 23 LaLiga 21/22 ,23,18,Cádiz CF,23,3,9,11,20,38,-18,18
Spain,Games of Matchday 23 LaLiga 21/22 ,23,19,Alavés,23,4,5,14,17,38,-21,17
Spain,Games of Matchday 23 LaLiga 21/22 ,23,20,Levante,23,2,8,13,22,46,-24,14
Spain,Games of Matchday 24 LaLiga 21/22 ,24,1,Real Madrid,24,16,6,2,48,20,28,54
Spain,Games of Matchday 24 LaLiga 21/22 ,24,2,Sevilla FC,24,14,8,2,36,16,20,50
Spain,Games of Matchday 24 LaLiga 21/22 ,24,3,Real Betis,24,13,4,7,45,29,16,43
Spain,Games of Matchday 24 LaLiga 21/22 ,24,4,Real Sociedad,24,11,8,5,26,21,5,41
Spain,Games of Matchday 24 LaLiga 21/22 ,24,5,Barcelona,24,10,9,5,38,28,10,39
Spain,Games of Matchday 24 LaLiga 21/22 ,24,6,Atlético Madrid,24,11,6,7,42,34,8,39
Spain,Games of Matchday 24 LaLiga 21/22 ,24,7,Villarreal,24,9,9,6,38,23,15,36
Spain,Games of Matchday 24 LaLiga 21/22 ,24,8,Athletic,24,8,10,6,25,21,4,34
Spain,Games of Matchday 24 LaLiga 21/22 ,24,9,Rayo Vallecano,24,10,4,10,28,27,1,34
Spain,Games of Matchday 24 LaLiga 21/22 ,24,10,CA Osasuna,24,8,8,8,25,27,-2,32
Spain,Games of Matchday 24 LaLiga 21/22 ,24,11,Celta de Vigo,24,8,7,9,28,25,3,31
Spain,Games of Matchday 24 LaLiga 21/22 ,24,12,Valencia,24,7,9,8,36,38,-2,30
Spain,Games of Matchday 24 LaLiga 21/22 ,24,13,Espanyol,24,7,7,10,29,34,-5,28
Spain,Games of Matchday 24 LaLiga 21/22 ,24,14,Elche CF,24,6,8,10,26,33,-7,26
Spain,Games of Matchday 24 LaLiga 21/22 ,24,15,RCD Mallorca,24,6,8,10,22,38,-16,26
Spain,Games of Matchday 24 LaLiga 21/22 ,24,16,Getafe,24,6,7,11,23,27,-4,25
Spain,Games of Matchday 24 LaLiga 21/22 ,24,17,Granada CF,24,5,9,10,26,36,-10,24
Spain,Games of Matchday 24 LaLiga 21/22 ,24,18,Alavés,24,5,5,14,19,39,-20,20
Spain,Games of Matchday 24 LaLiga 21/22 ,24,19,Cádiz CF,24,3,10,11,20,38,-18,19
Spain,Games of Matchday 24 LaLiga 21/22 ,24,20,Levante,24,2,8,14,24,50,-26,14
Spain,Games of Matchday 25 LaLiga 21/22 ,25,1,Real Madrid,25,17,6,2,51,20,31,57
Spain,Games of Matchday 25 LaLiga 21/22 ,25,2,Sevilla FC,25,14,9,2,37,17,20,51
Spain,Games of Matchday 25 LaLiga 21/22 ,25,3,Real Betis,25,14,4,7,47,30,17,46
Spain,Games of Matchday 25 LaLiga 21/22 ,25,4,Barcelona,25,11,9,5,42,29,13,42
Spain,Games of Matchday 25 LaLiga 21/22 ,25,5,Atlético Madrid,25,12,6,7,45,34,11,42
Spain,Games of Matchday 25 LaLiga 21/22 ,25,6,Real Sociedad,25,11,8,6,26,25,1,41
Spain,Games of Matchday 25 LaLiga 21/22 ,25,7,Villarreal,25,10,9,6,42,24,18,39
Spain,Games of Matchday 25 LaLiga 21/22 ,25,8,Athletic,25,9,10,6,29,21,8,37
Spain,Games of Matchday 25 LaLiga 21/22 ,25,9,Rayo Vallecano,25,10,4,11,29,29,0,34
Spain,Games of Matchday 25 LaLiga 21/22 ,25,10,Celta de Vigo,25,8,8,9,29,26,3,32
Spain,Games of Matchday 25 LaLiga 21/22 ,25,11,CA Osasuna,25,8,8,9,25,30,-5,32
Spain,Games of Matchday 25 LaLiga 21/22 ,25,12,Valencia,25,7,9,9,37,42,-5,30
Spain,Games of Matchday 25 LaLiga 21/22 ,25,13,Elche CF,25,7,8,10,28,34,-6,29
Spain,Games of Matchday 25 LaLiga 21/22 ,25,14,Espanyol,25,7,8,10,30,35,-5,29
Spain,Games of Matchday 25 LaLiga 21/22 ,25,15,Getafe,25,6,8,11,24,28,-4,26
Spain,Games of Matchday 25 LaLiga 21/22 ,25,16,RCD Mallorca,25,6,8,11,23,40,-17,26
Spain,Games of Matchday 25 LaLiga 21/22 ,25,17,Granada CF,25,5,9,11,27,40,-13,24
Spain,Games of Matchday 25 LaLiga 21/22 ,25,18,Alavés,25,5,5,15,19,42,-23,20
Spain,Games of Matchday 25 LaLiga 21/22 ,25,19,Cádiz CF,25,3,11,11,21,39,-18,20
Spain,Games of Matchday 25 LaLiga 21/22 ,25,20,Levante,25,2,9,14,25,51,-26,15
Spain,Games of Matchday 26 LaLiga 21/22 ,26,1,Real Madrid,26,18,6,2,52,20,32,60
Spain,Games of Matchday 26 LaLiga 21/22 ,26,2,Sevilla FC,26,15,9,2,39,18,21,54
Spain,Games of Matchday 26 LaLiga 21/22 ,26,3,Real Betis,26,14,4,8,48,32,16,46
Spain,Games of Matchday 26 LaLiga 21/22 ,26,4,Barcelona,26,12,9,5,46,29,17,45
Spain,Games of Matchday 26 LaLiga 21/22 ,26,5,Atlético Madrid,26,13,6,7,47,34,13,45
Spain,Games of Matchday 26 LaLiga 21/22 ,26,6,Real Sociedad,26,12,8,6,27,25,2,44
Spain,Games of Matchday 26 LaLiga 21/22 ,26,7,Villarreal,26,11,9,6,47,25,22,42
Spain,Games of Matchday 26 LaLiga 21/22 ,26,8,Athletic,26,9,10,7,29,25,4,37
Spain,Games of Matchday 26 LaLiga 21/22 ,26,9,Rayo Vallecano,26,10,4,12,29,30,-1,34
Spain,Games of Matchday 26 LaLiga 21/22 ,26,10,Valencia,26,8,9,9,38,42,-4,33
Spain,Games of Matchday 26 LaLiga 21/22 ,26,11,Celta de Vigo,26,8,8,10,29,28,1,32
Spain,Games of Matchday 26 LaLiga 21/22 ,26,12,CA Osasuna,26,8,8,10,25,31,-6,32
Spain,Games of Matchday 26 LaLiga 21/22 ,26,13,Elche CF,26,7,8,11,28,37,-9,29
Spain,Games of Matchday 26 LaLiga 21/22 ,26,14,Espanyol,26,7,8,11,31,40,-9,29
Spain,Games of Matchday 26 LaLiga 21/22 ,26,15,Getafe,26,6,9,11,26,30,-4,27
Spain,Games of Matchday 26 LaLiga 21/22 ,26,16,RCD Mallorca,26,6,8,12,23,41,-18,26
Spain,Games of Matchday 26 LaLiga 21/22 ,26,17,Granada CF,26,5,10,11,27,40,-13,25
Spain,Games of Matchday 26 LaLiga 21/22 ,26,18,Alavés,26,5,6,15,21,44,-23,21
Spain,Games of Matchday 26 LaLiga 21/22 ,26,19,Cádiz CF,26,3,12,11,21,39,-18,21
Spain,Games of Matchday 26 LaLiga 21/22 ,26,20,Levante,26,3,9,14,28,51,-23,18
Spain,Games of Matchday 27 LaLiga 21/22 ,27,1,Real Madrid,27,19,6,2,56,21,35,63
Spain,Games of Matchday 27 LaLiga 21/22 ,27,2,Sevilla FC,27,15,10,2,39,18,21,55
Spain,Games of Matchday 27 LaLiga 21/22 ,27,3,Barcelona,27,13,9,5,48,30,18,48
Spain,Games of Matchday 27 LaLiga 21/22 ,27,4,Atlético Madrid,27,14,6,7,50,35,15,48
Spain,Games of Matchday 27 LaLiga 21/22 ,27,5,Real Betis,27,14,4,9,49,35,14,46
Spain,Games of Matchday 27 LaLiga 21/22 ,27,6,Real Sociedad,27,12,8,7,28,29,-1,44
Spain,Games of Matchday 27 LaLiga 21/22 ,27,7,Villarreal,27,11,9,7,47,26,21,42
Spain,Games of Matchday 27 LaLiga 21/22 ,27,8,Athletic,27,10,10,7,32,26,6,40
Spain,Games of Matchday 27 LaLiga 21/22 ,27,9,Valencia,27,9,9,9,41,43,-2,36
Spain,Games of Matchday 27 LaLiga 21/22 ,27,10,Celta de Vigo,27,9,8,10,33,31,2,35
Spain,Games of Matchday 27 LaLiga 21/22 ,27,11,CA Osasuna,27,9,8,10,26,31,-5,35
Spain,Games of Matchday 27 LaLiga 21/22 ,27,12,Rayo Vallecano,27,10,4,13,29,32,-3,34
Spain,Games of Matchday 27 LaLiga 21/22 ,27,13,Espanyol,27,8,8,11,33,40,-7,32
Spain,Games of Matchday 27 LaLiga 21/22 ,27,14,Elche CF,27,7,8,12,29,39,-10,29
Spain,Games of Matchday 27 LaLiga 21/22 ,27,15,Getafe,27,6,9,12,26,32,-6,27
Spain,Games of Matchday 27 LaLiga 21/22 ,27,16,RCD Mallorca,27,6,8,13,26,45,-19,26
Spain,Games of Matchday 27 LaLiga 21/22 ,27,17,Granada CF,27,5,10,12,28,43,-15,25
Spain,Games of Matchday 27 LaLiga 21/22 ,27,18,Cádiz CF,27,4,12,11,23,39,-16,24
Spain,Games of Matchday 27 LaLiga 21/22 ,27,19,Alavés,27,5,7,15,21,44,-23,22
Spain,Games of Matchday 27 LaLiga 21/22 ,27,20,Levante,27,3,9,15,29,54,-25,18
Spain,Games of Matchday 28 LaLiga 21/22 ,28,1,Real Madrid,28,20,6,2,59,21,38,66
Spain,Games of Matchday 28 LaLiga 21/22 ,28,2,Sevilla FC,28,15,11,2,40,19,21,56
Spain,Games of Matchday 28 LaLiga 21/22 ,28,3,Barcelona,28,14,9,5,52,30,22,51
Spain,Games of Matchday 28 LaLiga 21/22 ,28,4,Atlético Madrid,28,15,6,7,52,36,16,51
Spain,Games of Matchday 28 LaLiga 21/22 ,28,5,Real Betis,28,15,4,9,50,35,15,49
Spain,Games of Matchday 28 LaLiga 21/22 ,28,6,Real Sociedad,28,13,8,7,29,29,0,47
Spain,Games of Matchday 28 LaLiga 21/22 ,28,7,Villarreal,28,12,9,7,48,26,22,45
Spain,Games of Matchday 28 LaLiga 21/22 ,28,8,Athletic,28,10,10,8,32,27,5,40
Spain,Games of Matchday 28 LaLiga 21/22 ,28,9,Valencia,28,9,10,9,41,43,-2,37
Spain,Games of Matchday 28 LaLiga 21/22 ,28,10,Celta de Vigo,28,9,8,11,33,32,1,35
Spain,Games of Matchday 28 LaLiga 21/22 ,28,11,CA Osasuna,28,9,8,11,26,35,-9,35
Spain,Games of Matchday 28 LaLiga 21/22 ,28,12,Rayo Vallecano,28,10,5,13,30,33,-3,35
Spain,Games of Matchday 28 LaLiga 21/22 ,28,13,Espanyol,28,8,9,11,34,41,-7,33
Spain,Games of Matchday 28 LaLiga 21/22 ,28,14,Elche CF,28,8,8,12,30,39,-9,32
Spain,Games of Matchday 28 LaLiga 21/22 ,28,15,Getafe,28,6,10,12,26,32,-6,28
Spain,Games of Matchday 28 LaLiga 21/22 ,28,16,RCD Mallorca,28,6,8,14,26,48,-22,26
Spain,Games of Matchday 28 LaLiga 21/22 ,28,17,Granada CF,28,5,10,13,28,44,-16,25
Spain,Games of Matchday 28 LaLiga 21/22 ,28,18,Cádiz CF,28,4,12,12,24,41,-17,24
Spain,Games of Matchday 28 LaLiga 21/22 ,28,19,Alavés,28,5,7,16,21,45,-24,22
Spain,Games of Matchday 28 LaLiga 21/22 ,28,20,Levante,28,3,10,15,30,55,-25,19
Spain,Games of Matchday 29 LaLiga 21/22 ,29,1,Real Madrid,29,20,6,3,59,25,34,66
Spain,Games of Matchday 29 LaLiga 21/22 ,29,2,Sevilla FC,29,15,12,2,40,19,21,57
Spain,Games of Matchday 29 LaLiga 21/22 ,29,3,Barcelona,29,15,9,5,56,30,26,54
Spain,Games of Matchday 29 LaLiga 21/22 ,29,4,Atlético Madrid,29,16,6,7,53,36,17,54
Spain,Games of Matchday 29 LaLiga 21/22 ,29,5,Real Betis,29,15,5,9,50,35,15,50
Spain,Games of Matchday 29 LaLiga 21/22 ,29,6,Real Sociedad,29,13,9,7,29,29,0,48
Spain,Games of Matchday 29 LaLiga 21/22 ,29,7,Villarreal,29,12,9,8,48,27,21,45
Spain,Games of Matchday 29 LaLiga 21/22 ,29,8,Athletic,29,10,11,8,33,28,5,41
Spain,Games of Matchday 29 LaLiga 21/22 ,29,9,Valencia,29,10,10,9,42,43,-1,40
Spain,Games of Matchday 29 LaLiga 21/22 ,29,10,CA Osasuna,29,10,8,11,29,36,-7,38
Spain,Games of Matchday 29 LaLiga 21/22 ,29,11,Celta de Vigo,29,9,9,11,33,32,1,36
Spain,Games of Matchday 29 LaLiga 21/22 ,29,12,Espanyol,29,9,9,11,35,41,-6,36
Spain,Games of Matchday 29 LaLiga 21/22 ,29,13,Rayo Vallecano,29,10,5,14,30,34,-4,35
Spain,Games of Matchday 29 LaLiga 21/22 ,29,14,Elche CF,29,8,8,13,30,40,-10,32
Spain,Games of Matchday 29 LaLiga 21/22 ,29,15,Getafe,29,6,11,12,27,33,-6,29
Spain,Games of Matchday 29 LaLiga 21/22 ,29,16,Granada CF,29,6,10,13,31,46,-15,28
Spain,Games of Matchday 29 LaLiga 21/22 ,29,17,Cádiz CF,29,5,12,12,25,41,-16,27
Spain,Games of Matchday 29 LaLiga 21/22 ,29,18,RCD Mallorca,29,6,8,15,26,49,-23,26
Spain,Games of Matchday 29 LaLiga 21/22 ,29,19,Alavés,29,5,7,17,23,48,-25,22
Spain,Games of Matchday 29 LaLiga 21/22 ,29,20,Levante,29,3,10,16,31,58,-27,19
Spain,Games of Matchday 30 LaLiga 21/22 ,30,1,Real Madrid,30,21,6,3,61,26,35,69
Spain,Games of Matchday 30 LaLiga 21/22 ,30,2,Barcelona,30,16,9,5,57,30,27,57
Spain,Games of Matchday 30 LaLiga 21/22 ,30,3,Sevilla FC,30,15,12,3,40,20,20,57
Spain,Games of Matchday 30 LaLiga 21/22 ,30,4,Atlético Madrid,30,17,6,7,57,37,20,57
Spain,Games of Matchday 30 LaLiga 21/22 ,30,5,Real Betis,30,16,5,9,54,36,18,53
Spain,Games of Matchday 30 LaLiga 21/22 ,30,6,Real Sociedad,30,14,9,7,30,29,1,51
Spain,Games of Matchday 30 LaLiga 21/22 ,30,7,Villarreal,30,12,9,9,48,29,19,45
Spain,Games of Matchday 30 LaLiga 21/22 ,30,8,Athletic,30,11,11,8,35,29,6,44
Spain,Games of Matchday 30 LaLiga 21/22 ,30,9,Valencia,30,10,11,9,42,43,-1,41
Spain,Games of Matchday 30 LaLiga 21/22 ,30,10,CA Osasuna,30,10,8,12,30,40,-10,38
Spain,Games of Matchday 30 LaLiga 21/22 ,30,11,Celta de Vigo,30,9,9,12,34,34,0,36
Spain,Games of Matchday 30 LaLiga 21/22 ,30,12,Rayo Vallecano,30,10,6,14,32,36,-4,36
Spain,Games of Matchday 30 LaLiga 21/22 ,30,13,Espanyol,30,9,9,12,35,42,-7,36
Spain,Games of Matchday 30 LaLiga 21/22 ,30,14,Elche CF,30,8,8,14,31,42,-11,32
Spain,Games of Matchday 30 LaLiga 21/22 ,30,15,Getafe,30,7,11,12,28,33,-5,32
Spain,Games of Matchday 30 LaLiga 21/22 ,30,16,Granada CF,30,6,11,13,33,48,-15,29
Spain,Games of Matchday 30 LaLiga 21/22 ,30,17,Cádiz CF,30,5,13,12,25,41,-16,28
Spain,Games of Matchday 30 LaLiga 21/22 ,30,18,RCD Mallorca,30,6,8,16,26,50,-24,26
Spain,Games of Matchday 30 LaLiga 21/22 ,30,19,Alavés,30,5,7,18,24,52,-28,22
Spain,Games of Matchday 30 LaLiga 21/22 ,30,20,Levante,30,4,10,16,33,58,-25,22
Spain,Games of Matchday 31 LaLiga 21/22 ,31,1,Real Madrid,31,22,6,3,63,26,37,72
Spain,Games of Matchday 31 LaLiga 21/22 ,31,2,Barcelona,31,17,9,5,60,32,28,60
Spain,Games of Matchday 31 LaLiga 21/22 ,31,3,Sevilla FC,31,16,12,3,44,22,22,60
Spain,Games of Matchday 31 LaLiga 21/22 ,31,4,Atlético Madrid,31,17,6,8,57,38,19,57
Spain,Games of Matchday 31 LaLiga 21/22 ,31,5,Real Betis,31,17,5,9,56,37,19,56
Spain,Games of Matchday 31 LaLiga 21/22 ,31,6,Real Sociedad,31,15,9,7,32,30,2,54
Spain,Games of Matchday 31 LaLiga 21/22 ,31,7,Villarreal,31,12,10,9,49,30,19,46
Spain,Games of Matchday 31 LaLiga 21/22 ,31,8,Athletic,31,11,12,8,36,30,6,45
Spain,Games of Matchday 31 LaLiga 21/22 ,31,9,Valencia,31,10,12,9,43,44,-1,42
Spain,Games of Matchday 31 LaLiga 21/22 ,31,10,CA Osasuna,31,11,8,12,31,40,-9,41
Spain,Games of Matchday 31 LaLiga 21/22 ,31,11,Espanyol,31,10,9,12,36,42,-6,39
Spain,Games of Matchday 31 LaLiga 21/22 ,31,12,Rayo Vallecano,31,10,7,14,33,37,-4,37
Spain,Games of Matchday 31 LaLiga 21/22 ,31,13,Celta de Vigo,31,9,9,13,34,35,-1,36
Spain,Games of Matchday 31 LaLiga 21/22 ,31,14,Elche CF,31,8,8,15,32,44,-12,32
Spain,Games of Matchday 31 LaLiga 21/22 ,31,15,Getafe,31,7,11,13,28,35,-7,32
Spain,Games of Matchday 31 LaLiga 21/22 ,31,16,Granada CF,31,6,11,14,35,52,-17,29
Spain,Games of Matchday 31 LaLiga 21/22 ,31,17,RCD Mallorca,31,7,8,16,27,50,-23,29
Spain,Games of Matchday 31 LaLiga 21/22 ,31,18,Cádiz CF,31,5,13,13,26,43,-17,28
Spain,Games of Matchday 31 LaLiga 21/22 ,31,19,Alavés,31,5,7,19,24,53,-29,22
Spain,Games of Matchday 31 LaLiga 21/22 ,31,20,Levante,31,4,10,17,35,61,-26,22
Spain,Games of Matchday 32 LaLiga 21/22 ,32,1,Real Madrid,32,23,6,3,66,28,38,75
Spain,Games of Matchday 32 LaLiga 21/22 ,32,2,Barcelona,32,17,9,6,60,33,27,60
Spain,Games of Matchday 32 LaLiga 21/22 ,32,3,Sevilla FC,32,16,12,4,46,25,21,60
Spain,Games of Matchday 32 LaLiga 21/22 ,32,4,Atlético Madrid,32,18,6,8,59,39,20,60
Spain,Games of Matchday 32 LaLiga 21/22 ,32,5,Real Betis,32,17,6,9,56,37,19,57
Spain,Games of Matchday 32 LaLiga 21/22 ,32,6,Real Sociedad,32,15,10,7,32,30,2,55
Spain,Games of Matchday 32 LaLiga 21/22 ,32,7,Villarreal,32,13,10,9,51,31,20,49
Spain,Games of Matchday 32 LaLiga 21/22 ,32,8,Athletic,32,11,12,9,36,32,4,45
Spain,Games of Matchday 32 LaLiga 21/22 ,32,9,CA Osasuna,32,12,8,12,33,41,-8,44
Spain,Games of Matchday 32 LaLiga 21/22 ,32,10,Valencia,32,10,12,10,44,46,-2,42
Spain,Games of Matchday 32 LaLiga 21/22 ,32,11,Celta de Vigo,32,10,9,13,36,35,1,39
Spain,Games of Matchday 32 LaLiga 21/22 ,32,12,Espanyol,32,10,9,13,37,44,-7,39
Spain,Games of Matchday 32 LaLiga 21/22 ,32,13,Rayo Vallecano,32,10,7,15,33,38,-5,37
Spain,Games of Matchday 32 LaLiga 21/22 ,32,14,Elche CF,32,9,8,15,35,44,-9,35
Spain,Games of Matchday 32 LaLiga 21/22 ,32,15,Getafe,32,7,11,14,29,37,-8,32
Spain,Games of Matchday 32 LaLiga 21/22 ,32,16,Cádiz CF,32,6,13,13,27,43,-16,31
Spain,Games of Matchday 32 LaLiga 21/22 ,32,17,Granada CF,32,6,11,15,36,56,-20,29
Spain,Games of Matchday 32 LaLiga 21/22 ,32,18,RCD Mallorca,32,7,8,17,27,53,-26,29
Spain,Games of Matchday 32 LaLiga 21/22 ,32,19,Alavés,32,6,7,19,25,53,-28,25
Spain,Games of Matchday 32 LaLiga 21/22 ,32,20,Levante,32,5,10,17,39,62,-23,25
Spain,Games of Matchday 33 LaLiga 21/22 ,33,1,Real Madrid,33,24,6,3,69,29,40,78
Spain,Games of Matchday 33 LaLiga 21/22 ,33,2,Barcelona,33,18,9,6,61,33,28,63
Spain,Games of Matchday 33 LaLiga 21/22 ,33,3,Sevilla FC,33,17,12,4,49,27,22,63
Spain,Games of Matchday 33 LaLiga 21/22 ,33,4,Atlético Madrid,33,18,7,8,59,39,20,61
Spain,Games of Matchday 33 LaLiga 21/22 ,33,5,Real Betis,33,17,6,10,56,38,18,57
Spain,Games of Matchday 33 LaLiga 21/22 ,33,6,Real Sociedad,33,15,10,8,32,31,1,55
Spain,Games of Matchday 33 LaLiga 21/22 ,33,7,Villarreal,33,14,10,9,53,31,22,52
Spain,Games of Matchday 33 LaLiga 21/22 ,33,8,Athletic,33,12,12,9,39,34,5,48
Spain,Games of Matchday 33 LaLiga 21/22 ,33,9,CA Osasuna,33,12,8,13,34,44,-10,44
Spain,Games of Matchday 33 LaLiga 21/22 ,33,10,Valencia,33,10,12,11,44,48,-4,42
Spain,Games of Matchday 33 LaLiga 21/22 ,33,11,Rayo Vallecano,33,11,7,15,34,38,-4,40
Spain,Games of Matchday 33 LaLiga 21/22 ,33,12,Celta de Vigo,33,10,9,14,36,37,-1,39
Spain,Games of Matchday 33 LaLiga 21/22 ,33,13,Espanyol,33,10,9,14,37,45,-8,39
Spain,Games of Matchday 33 LaLiga 21/22 ,33,14,Elche CF,33,10,8,15,36,44,-8,38
Spain,Games of Matchday 33 LaLiga 21/22 ,33,15,Getafe,33,8,11,14,31,37,-6,35
Spain,Games of Matchday 33 LaLiga 21/22 ,33,16,RCD Mallorca,33,8,8,17,29,54,-25,32
Spain,Games of Matchday 33 LaLiga 21/22 ,33,17,Cádiz CF,33,6,13,14,29,46,-17,31
Spain,Games of Matchday 33 LaLiga 21/22 ,33,18,Granada CF,33,6,12,15,36,56,-20,30
Spain,Games of Matchday 33 LaLiga 21/22 ,33,19,Alavés,33,6,7,20,26,55,-29,25
Spain,Games of Matchday 33 LaLiga 21/22 ,33,20,Levante,33,5,10,18,41,65,-24,25
